{
    "loss": 1.2041395902633667,
    "accuracy": 0.9051724076271057
}